method,k,metric,Recall@k,source_table,notes
BM25,1,Recall@1,0.16930983364879434,results/metrics/kch_medrank_enhanced_bioasq_v2_metrics.json,Values are read from held-out BioASQ metric logs; k=10 and k=100 match manuscript main-result rows where reported.
BM25,3,Recall@3,0.2865783874326336,results/metrics/kch_medrank_enhanced_bioasq_v2_metrics.json,Values are read from held-out BioASQ metric logs; k=10 and k=100 match manuscript main-result rows where reported.
BM25,5,Recall@5,0.3594069651598513,results/metrics/kch_medrank_enhanced_bioasq_v2_metrics.json,Values are read from held-out BioASQ metric logs; k=10 and k=100 match manuscript main-result rows where reported.
BM25,10,Recall@10,0.4486718733441511,results/metrics/kch_medrank_enhanced_bioasq_v2_metrics.json,Values are read from held-out BioASQ metric logs; k=10 and k=100 match manuscript main-result rows where reported.
BM25,20,Recall@20,0.5128409087050664,results/metrics/kch_medrank_enhanced_bioasq_v2_metrics.json,Values are read from held-out BioASQ metric logs; k=10 and k=100 match manuscript main-result rows where reported.
BM25,50,Recall@50,0.5632782285875287,results/metrics/kch_medrank_enhanced_bioasq_v2_metrics.json,Values are read from held-out BioASQ metric logs; k=10 and k=100 match manuscript main-result rows where reported.
BM25,100,Recall@100,0.5853259543376286,results/metrics/kch_medrank_enhanced_bioasq_v2_metrics.json,Values are read from held-out BioASQ metric logs; k=10 and k=100 match manuscript main-result rows where reported.
Dense,1,Recall@1,0.1626739481483976,results/metrics/kch_medrank_enhanced_bioasq_v2_metrics.json,Values are read from held-out BioASQ metric logs; k=10 and k=100 match manuscript main-result rows where reported.
Dense,3,Recall@3,0.26996268554327746,results/metrics/kch_medrank_enhanced_bioasq_v2_metrics.json,Values are read from held-out BioASQ metric logs; k=10 and k=100 match manuscript main-result rows where reported.
Dense,5,Recall@5,0.33577022670403434,results/metrics/kch_medrank_enhanced_bioasq_v2_metrics.json,Values are read from held-out BioASQ metric logs; k=10 and k=100 match manuscript main-result rows where reported.
Dense,10,Recall@10,0.42053296160560266,results/metrics/kch_medrank_enhanced_bioasq_v2_metrics.json,Values are read from held-out BioASQ metric logs; k=10 and k=100 match manuscript main-result rows where reported.
Dense,20,Recall@20,0.48086467655737103,results/metrics/kch_medrank_enhanced_bioasq_v2_metrics.json,Values are read from held-out BioASQ metric logs; k=10 and k=100 match manuscript main-result rows where reported.
Dense,50,Recall@50,0.537518857506044,results/metrics/kch_medrank_enhanced_bioasq_v2_metrics.json,Values are read from held-out BioASQ metric logs; k=10 and k=100 match manuscript main-result rows where reported.
Dense,100,Recall@100,0.5647639685432572,results/metrics/kch_medrank_enhanced_bioasq_v2_metrics.json,Values are read from held-out BioASQ metric logs; k=10 and k=100 match manuscript main-result rows where reported.
Enhanced Hybrid RRF,1,Recall@1,0.1711912710652724,results/metrics/enhanced_hybrid_w122_test_top100_metrics.json,Values are read from held-out BioASQ metric logs; k=10 and k=100 match manuscript main-result rows where reported.
Enhanced Hybrid RRF,3,Recall@3,0.2933094855239931,results/metrics/enhanced_hybrid_w122_test_top100_metrics.json,Values are read from held-out BioASQ metric logs; k=10 and k=100 match manuscript main-result rows where reported.
Enhanced Hybrid RRF,5,Recall@5,0.36787759311687124,results/metrics/enhanced_hybrid_w122_test_top100_metrics.json,Values are read from held-out BioASQ metric logs; k=10 and k=100 match manuscript main-result rows where reported.
Enhanced Hybrid RRF,10,Recall@10,0.46595719332215196,results/metrics/enhanced_hybrid_w122_test_top100_metrics.json,Values are read from held-out BioASQ metric logs; k=10 and k=100 match manuscript main-result rows where reported.
Enhanced Hybrid RRF,20,Recall@20,0.546539856896682,results/metrics/enhanced_hybrid_w122_test_top100_metrics.json,Values are read from held-out BioASQ metric logs; k=10 and k=100 match manuscript main-result rows where reported.
Enhanced Hybrid RRF,50,Recall@50,0.6511782925040893,results/metrics/enhanced_hybrid_w122_test_top100_metrics.json,Values are read from held-out BioASQ metric logs; k=10 and k=100 match manuscript main-result rows where reported.
Enhanced Hybrid RRF,100,Recall@100,0.7388197539717841,results/metrics/enhanced_hybrid_w122_test_top100_metrics.json,Values are read from held-out BioASQ metric logs; k=10 and k=100 match manuscript main-result rows where reported.
MedCPT Cross-Encoder,1,Recall@1,0.18959325432965432,results/metrics/medcpt_cross_encoder_enhanced_bioasq_test_top100_metrics.json,Values are read from held-out BioASQ metric logs; k=10 and k=100 match manuscript main-result rows where reported.
MedCPT Cross-Encoder,3,Recall@3,0.33057171237223926,results/metrics/medcpt_cross_encoder_enhanced_bioasq_test_top100_metrics.json,Values are read from held-out BioASQ metric logs; k=10 and k=100 match manuscript main-result rows where reported.
MedCPT Cross-Encoder,5,Recall@5,0.4081375496944329,results/metrics/medcpt_cross_encoder_enhanced_bioasq_test_top100_metrics.json,Values are read from held-out BioASQ metric logs; k=10 and k=100 match manuscript main-result rows where reported.
MedCPT Cross-Encoder,10,Recall@10,0.5172083502019578,results/metrics/medcpt_cross_encoder_enhanced_bioasq_test_top100_metrics.json,Values are read from held-out BioASQ metric logs; k=10 and k=100 match manuscript main-result rows where reported.
MedCPT Cross-Encoder,20,Recall@20,0.6164959159407337,results/metrics/medcpt_cross_encoder_enhanced_bioasq_test_top100_metrics.json,Values are read from held-out BioASQ metric logs; k=10 and k=100 match manuscript main-result rows where reported.
MedCPT Cross-Encoder,50,Recall@50,0.6980678960216319,results/metrics/medcpt_cross_encoder_enhanced_bioasq_test_top100_metrics.json,Values are read from held-out BioASQ metric logs; k=10 and k=100 match manuscript main-result rows where reported.
MedCPT Cross-Encoder,100,Recall@100,0.7388197539717841,results/metrics/medcpt_cross_encoder_enhanced_bioasq_test_top100_metrics.json,Values are read from held-out BioASQ metric logs; k=10 and k=100 match manuscript main-result rows where reported.
KCH-MedRank,1,Recall@1,0.18400962403867002,results/metrics/kch_medrank_enhanced_bioasq_v2_full_kch_medrank_metrics.json,Values are read from held-out BioASQ metric logs; k=10 and k=100 match manuscript main-result rows where reported.
KCH-MedRank,3,Recall@3,0.3315829239382751,results/metrics/kch_medrank_enhanced_bioasq_v2_full_kch_medrank_metrics.json,Values are read from held-out BioASQ metric logs; k=10 and k=100 match manuscript main-result rows where reported.
KCH-MedRank,5,Recall@5,0.42102956138721176,results/metrics/kch_medrank_enhanced_bioasq_v2_full_kch_medrank_metrics.json,Values are read from held-out BioASQ metric logs; k=10 and k=100 match manuscript main-result rows where reported.
KCH-MedRank,10,Recall@10,0.5328770055994978,results/metrics/kch_medrank_enhanced_bioasq_v2_full_kch_medrank_metrics.json,Values are read from held-out BioASQ metric logs; k=10 and k=100 match manuscript main-result rows where reported.
KCH-MedRank,20,Recall@20,0.6321711515343524,results/metrics/kch_medrank_enhanced_bioasq_v2_full_kch_medrank_metrics.json,Values are read from held-out BioASQ metric logs; k=10 and k=100 match manuscript main-result rows where reported.
KCH-MedRank,50,Recall@50,0.7142681903631449,results/metrics/kch_medrank_enhanced_bioasq_v2_full_kch_medrank_metrics.json,Values are read from held-out BioASQ metric logs; k=10 and k=100 match manuscript main-result rows where reported.
KCH-MedRank,100,Recall@100,0.7388197539717841,results/metrics/kch_medrank_enhanced_bioasq_v2_full_kch_medrank_metrics.json,Values are read from held-out BioASQ metric logs; k=10 and k=100 match manuscript main-result rows where reported.
